titulo,link
"Silencios, ataques, alusiones al pasado y escasos argumentos marcaron primer debate presidencial de 16 candidatos en Ecuador ",https://cnnespanol.cnn.com/2025/01/20/latinoamerica/debate-presidencial-ecuador-analisis-orix
Daniel Noboa esquiva críticas en debate electoral y defiende su gestión al frente de Ecuador ,https://cnnespanol.cnn.com/2025/01/20/latinoamerica/daniel-noboa-esquiva-criticas-debate-presidencial-orix
Estas son las 5 propuestas clave de Luisa González para ser la primera presidenta electa de Ecuador ,https://cnnespanol.cnn.com/2025/01/19/latinoamerica/propuestas-luisa-gonzalez-candidata-elecciones-ecuador-orix
5 propuestas clave de Daniel Noboa para ser electo presidente de Ecuador ,https://cnnespanol.cnn.com/2025/01/19/latinoamerica/5-propuestas-daniel-noboa-elecciones-ecuador-orix
Ecuador: conoce los otros 14 perfiles de aspirantes a la Presidencia ,https://cnnespanol.cnn.com/2025/01/18/latinoamerica/ecuador-perfiles-14-candidatos-presidencia-orix
Juan Iván Cueva fija su postura sobre el régimen de Venezuela ,https://cnnespanol.cnn.com/2025/01/23/latinoamerica/video/juan-ivan-cueva-ecuador-elecciones-venezuela-postura-conclusiones-tv
"Juan Iván Cueva dice que, de llegar a la presidencia de Ecuador, buscará utilizar la inteligencia artificial ",https://cnnespanol.cnn.com/2025/01/22/latinoamerica/video/propuestas-juan-ivan-cueva-ecuador-inteligencia-artificial-conclusiones-tv
Luisa González evita pronunciarse sobre el régimen de Maduro en Venezuela ,https://cnnespanol.cnn.com/2025/01/22/latinoamerica/video/ecuador-venezuela-maduro-luisa-gonzalez-revolucion-ciudadana-candidata-presidencia-conclusiones-tv
Del Rincón le pregunta a Luisa González: ¿Quién gobernaría Ecuador? ¿Usted o Rafael Correa? ,https://cnnespanol.cnn.com/2025/01/21/latinoamerica/video/candidata-elecciones-ecuador-luisa-gonzalez-noboa-votos-conclusiones-tv
"¿Quién es Luisa González, la opción presidencial de la Revolución Ciudadana en Ecuador? ",https://cnnespanol.cnn.com/2025/01/18/latinoamerica/quien-es-luisa-gonzalez-candidata-elecciones-ecuador-orix
"Daniel Noboa, el joven presidente-candidato que persigue un nuevo mandato de 4 años más en Ecuador",https://cnnespanol.cnn.com/2025/01/18/latinoamerica/daniel-noboa-quien-es-perfil-candidato-elecciones-ecuador-orix
Cómo y dónde ver el debate presidencial de Ecuador el 19 de enero,https://cnnespanol.cnn.com/2025/01/16/latinoamerica/como-donde-ver-debate-presidencial-ecuador-orix
"Sismo de magnitud 5,1 sacudió Guayaquil, Ecuador, según el USGS",https://cnnespanol.cnn.com/2025/01/12/latinoamerica/sismo-guayaquil-ecuador-usgs-orix
"Matan al alcalde de Arenillas, Ecuador, en un atentado",https://cnnespanol.cnn.com/2025/01/12/latinoamerica/alcalde-ecuador-muere-atentado-ponce-rosero-orix
Por “fuerza mayor” Daniel Noboa delega la presidencia de Ecuador por tres días a la vicepresidenta encargada,https://cnnespanol.cnn.com/2025/01/07/latinoamerica/noboa-delega-presidencia-ecuador-vicepresidenta-orix
¿Cuándo son y qué se vota en las elecciones de Ecuador de 2025? ,https://cnnespanol.cnn.com/2025/01/06/latinoamerica/cuando-son-que-vota-elecciones-ecuador-2025-orix
Trasladan temporalmente a Jorge Glas debido a motín en cárcel donde está recluido en Ecuador,https://cnnespanol.cnn.com/2025/01/06/latinoamerica/jorge-glas-carcel-traslado-ecuador-orix
Abad dice que asumirá la presidencia el domingo cuando empiece campaña electoral. Noboa nombra otra vicepresidenta encargada,https://cnnespanol.cnn.com/2025/01/04/latinoamerica/ecuador-abad-presidencia-noboa-nombra-vicepresidenta-orix
"""Voy a luchar hasta el final"": la promesa de Luis Arroyo, padre de los niños que fueron encontrados calcinados en Ecuador",https://cnnespanol.cnn.com/2025/01/04/latinoamerica/luis-arroyo-padre-ninos-ecuador-orix
Noboa renueva estado de excepción para algunas provincias y localidades de Ecuador,https://cnnespanol.cnn.com/2025/01/03/latinoamerica/noboa-renueva-estado-de-excepcion-ecuador-orix
Designan nuevamente a Sariha Moya como vicepresidenta encargada de Ecuador hasta que Verónica Abad se presente en Turquía,https://cnnespanol.cnn.com/2025/01/02/latinoamerica/sariha-moya-vicepresidenta-ecuador-veronica-abad-turquia-orix
"Las propuestas de Luisa González, la candidata del correísmo, para llegar a Carondelet ",https://cnnespanol.cnn.com/2025/01/21/latinoamerica/video/propuestas-luisa-gonzalez-ecuador-elecciones-votantes-apoyo-conclusiones-tv
Así se vivió el primer debate presidencial en Ecuador ,https://cnnespanol.cnn.com/2025/01/20/latinoamerica/video/primer-debate-ecuador-cafe-tv
Daniel Noboa y Jorge Escala se enfrentan en debate sobre servicios públicos ,https://cnnespanol.cnn.com/2025/01/19/latinoamerica/video/daniel-noboa-jorge-escala-vender-patria-debate-ecuador
"El papel del CNE no es pronunciarse sobre la licencia de Noboa y la destitución Abad, dice su vicepresidente ",https://cnnespanol.cnn.com/2025/01/17/latinoamerica/video/cne-elecciones-votantes-ecuador-apoyo-inseguridad-debate-conclusiones-tv
"Vicepresidente del CNE: Hay vacíos legales, pero no podemos actuar contra la falta de licencia de Noboa ",https://cnnespanol.cnn.com/2025/01/17/latinoamerica/video/cne-proceso-electoral-candidatos-ecuador-conclusiones-tv
"Henry Kronfle detalla su plan económico: “no a la privatización, pero si a las alianzas” para afrontar la crisis ",https://cnnespanol.cnn.com/2025/01/16/latinoamerica/video/propuestas-kronfle-seguridad-gobierno-ecuador-elecciones-conclusiones-tv
"Henry Kronfle denuncia una ""desigualdad grotesca"" en las elecciones de Ecuador por acciones de Noboa ",https://cnnespanol.cnn.com/2025/01/16/latinoamerica/video/candidatos-ecuador-henrry-kronfle-votos-elecciones-cne-conclusiones-tv
Daniel Noboa delega la presidencia de Ecuador por segunda vez a Cynthia Gellibert ,https://cnnespanol.cnn.com/2025/01/16/latinoamerica/video/noboa-delega-presidencia-gellibert-campana-abad-pleito-conclusiones-tv
Henry Cucalón: CNE de Ecuador ha sido “árbitro silencioso y cómplice” al permitir campañas sin pedir licencia ,https://cnnespanol.cnn.com/2025/01/16/latinoamerica/video/ecuador-candidato-henry-cucalon-elecciones-conclusiones-tv
"Henry Cucalón matiza su propuesta de seguridad: No habrá militarización, pero sí apoyo de los militares en los puertos ",https://cnnespanol.cnn.com/2025/01/15/latinoamerica/video/propuestas-henry-cucalon-votos-cne-actuar-conclusiones-tv
Leonidas Iza explica su propuesta para combatir el narcotráfico en Ecuador ,https://cnnespanol.cnn.com/2025/01/14/latinoamerica/video/leonidas-iza-propuestas-plan-gobierno-ecuador-violencia-votantes-conclusiones-tv
Verónica Abad: He pedido que se active la Carta Democrática por acciones de Daniel Noboa ,https://cnnespanol.cnn.com/2025/01/13/latinoamerica/video/daniel-noboa-veronica-abad-decreto-candidatura-reeleccion-ecuador-conclusiones-tv
"Verónica Abad, vicepresidenta de Ecuador: ""La Constitución es clara, pero no la respetan"" ",https://cnnespanol.cnn.com/2025/01/13/latinoamerica/video/veronica-abad-noboa-golpe-de-estado-suspension-ecuador-conclusiones-tv
"Noboa encarga la presidencia para hacer campaña en un ""acto inconstitucional espantoso"", según experto ",https://cnnespanol.cnn.com/2025/01/13/latinoamerica/video/licencia-campana-noboa-irregular-asamblea-decreto-vicepresidenta-conclusiones-tv
Efectos y consecuencias de los 25 años de la dolarización en Ecuador ,https://cnnespanol.cnn.com/2025/01/13/latinoamerica/video/efectos-consecuencias-25-anos-dolarizacion-ecuador-tv
Así está el panorama en Ecuador al inicio de la campaña electoral ,https://cnnespanol.cnn.com/2025/01/06/latinoamerica/video/ecuador-incio-campana-electoral-tv
Indignación y dolor durante el funeral de los cuatro menores hallados muertos tras ser detenidos por una patrulla militar ,https://cnnespanol.cnn.com/2025/01/03/latinoamerica/video/sepelio-menores-menores-muertos-ecuador-cafe-tv-fast
Dolor en Ecuador: Fiscalía confirma que los 4 menores desaparecidos en Guayaquil fueron incinerados tras operativo militar ,https://cnnespanol.cnn.com/2024/12/31/latinoamerica/ecuador-menores-desaparecidos-incinerados-operativo-orix
Los apagones que mantuvieron a Ecuador en la oscuridad durante 2024 ,https://cnnespanol.cnn.com/2024/12/30/latinoamerica/video/crisis-energetica-ecuador-2024
"Noboa “ha intentado todos los días provocar mi destitución”, dice la vicepresidenta de Ecuador a CNN ",https://cnnespanol.cnn.com/2024/12/26/latinoamerica/noboa-intentado-destitucion-veronica-abad-vicepresidenta-ecuador-orix
